Hugo_Symbol	Variant_Classification	HGVSp_Short	t_alt_freq	POSTERIOR.SOMATIC	POPAF	gnomAD_AF	GERMQ	COSMIC_CONFIRMED_SOMATIC	COSMIC_HOTSPOT	CGC_GENE	COSMIC_SAMPLE
TP53	Missense_Mutation	R175H	0.35	0.98	40.0	0.00001	50	150	200	TRUE	500
FGFR3	Missense_Mutation	S249C	0.28	0.92	35.0	0.0	45	80	120	TRUE	300
PIK3CA	Missense_Mutation	E545K	0.15	0.85	30.0	0.00005	40	100	150	TRUE	400
DNMT3A	Missense_Mutation	R882H	0.08	0.90	25.0	0.00001	35	50	80	FALSE	100
BRCA2	Missense_Mutation	K1200E	0.50	0.02	0.5	0.15	5	0	0	FALSE	1
TAS2R43	Silent	V100V	0.12	0.00	40.0	0.0	50	0	0	FALSE	0
MUC17	Missense_Mutation	A500T	0.18	0.05	20.0	0.0005	30	3	0	FALSE	5
KRAS	Missense_Mutation	G12D	0.04	0.75	15.0	0.0	25	200	300	TRUE	800
ERCC2	Nonsense_Mutation	Q400X	0.22	0.60	30.0	0.0	40	10	0	TRUE	20
OBSCN	Missense_Mutation	P1500S	0.45	0.10	1.0	0.01	10	0	0	FALSE	0
